name,handle,bio,url,platform,customer_type,lead_quality,search_source,post_type,transformation_stage,niche_goals,pain_points,product_interest,support_seeking,source_type,post_title,content_preview,title,location,followers,profile_url,search_term,extraction_method,relevance_score,source_post_url
Plus Membership709,u/Plus_Membership709,Reddit commenter - question post,https://www.reddit.com/user/Plus_Membership709,reddit,fitness_end_customer,volume,teacher,question,unknown,General fitness,None mentioned,None mentioned,medium,commenter,Battling Illness as a mum and teacher,Plus_Membership709 Wow 150 people online and no advice? Plus_Membership709,Reddit commenter - volume lead,Location not specified,Not available,https://www.reddit.com/user/Plus_Membership709,teacher,Reddit commenter,1,https://www.reddit.com/r/loseit/comments/1mm5vi9/battling_illness_as_a_mum_and_teacher/
Pumpkin Pie 010112,u/Pumpkin_pie_010112,Reddit commenter - beginner post,https://www.reddit.com/user/Pumpkin_pie_010112,reddit,fitness_end_customer,standard,teacher,beginner,unknown,General fitness,None mentioned,None mentioned,unknown,commenter,New school year throwing me for a loop,"Pumpkin_pie_010112 I agree! The key is to immediately get back on track. For me, the very next meal is the ‚Äúback on track meal.‚Äù The start of a new sc...",Reddit commenter - standard lead,Location not specified,Not available,https://www.reddit.com/user/Pumpkin_pie_010112,teacher,Reddit commenter,2.5,https://www.reddit.com/r/loseit/comments/1moqfmj/new_school_year_throwing_me_for_a_loop/
Huge Poetry5630,u/Huge_Poetry5630,Reddit post_author - motivation post,https://www.reddit.com/user/Huge_Poetry5630,reddit,fitness_end_customer,volume,teacher,motivation,unknown,General fitness,None mentioned,None mentioned,unknown,post_author,need encouragement,,Reddit post_author - volume lead,Location not specified,Not available,https://www.reddit.com/user/Huge_Poetry5630,teacher,Reddit post_author,1,https://www.reddit.com/r/loseit/comments/1mvsfe7/need_encouragement/
Jynxers,u/Jynxers,Reddit commenter - motivation post,https://www.reddit.com/user/Jynxers,reddit,fitness_end_customer,volume,teacher,motivation,unknown,General fitness,None mentioned,None mentioned,unknown,commenter,need encouragement,"F/38/5'5"" 120lbs",Reddit commenter - volume lead,Location not specified,Not available,https://www.reddit.com/user/Jynxers,teacher,Reddit commenter,1,https://www.reddit.com/r/loseit/comments/1mvsfe7/need_encouragement/
Strategic Sage,u/Strategic_Sage,Reddit commenter - motivation post,https://www.reddit.com/user/Strategic_Sage,reddit,fitness_end_customer,volume,teacher,motivation,unknown,General fitness,None mentioned,None mentioned,unknown,commenter,need encouragement,"Strategic_Sage 48M | 6-4.5 | SW 351 | CW ~247 | GW 181-208, maintenance break",Reddit commenter - volume lead,Location not specified,Not available,https://www.reddit.com/user/Strategic_Sage,teacher,Reddit commenter,1,https://www.reddit.com/r/loseit/comments/1mvsfe7/need_encouragement/
Mountainlioness404D,u/Mountainlioness404d,Reddit post_author - motivation post,https://www.reddit.com/user/Mountainlioness404d,reddit,fitness_end_customer,volume,teacher,motivation,unknown,General fitness,None mentioned,None mentioned,high,post_author,30 Day Accountability Challenge - Day 7,,Reddit post_author - volume lead,Location not specified,Not available,https://www.reddit.com/user/Mountainlioness404d,teacher,Reddit post_author,1,https://www.reddit.com/r/loseit/comments/1mk3tg8/30_day_accountability_challenge_day_7/
Mayday981,u/Mayday981,Reddit commenter - motivation post,https://www.reddit.com/user/Mayday981,reddit,fitness_end_customer,volume,teacher,motivation,unknown,General fitness,None mentioned,None mentioned,high,commenter,30 Day Accountability Challenge - Day 7,"5'8"", SW: 179 lbs, CW: 179 lbs, GW: 160lbs",Reddit commenter - volume lead,Location not specified,Not available,https://www.reddit.com/user/Mayday981,teacher,Reddit commenter,1,https://www.reddit.com/r/loseit/comments/1mk3tg8/30_day_accountability_challenge_day_7/
Stubbornkelly,u/stubbornkelly,Reddit commenter - motivation post,https://www.reddit.com/user/stubbornkelly,reddit,fitness_end_customer,premium,teacher,motivation,unknown,General fitness,None mentioned,None mentioned,high,commenter,30 Day Accountability Challenge - Day 7,stubbornkelly 138 pounds lost! SW: 332.2 CW: 194.2 GW: 175?,Reddit commenter - premium lead,Location not specified,Not available,https://www.reddit.com/user/stubbornkelly,teacher,Reddit commenter,7,https://www.reddit.com/r/loseit/comments/1mk3tg8/30_day_accountability_challenge_day_7/
Iwentforahiketoday,u/iwentforahiketoday,Reddit commenter - motivation post,https://www.reddit.com/user/iwentforahiketoday,reddit,fitness_end_customer,volume,teacher,motivation,unknown,General fitness,None mentioned,None mentioned,high,commenter,30 Day Accountability Challenge - Day 7,"iwentforahiketoday 40ish F 5'5"", HW 286lb CW 209 lb GW 190-210lb",Reddit commenter - volume lead,Location not specified,Not available,https://www.reddit.com/user/iwentforahiketoday,teacher,Reddit commenter,1,https://www.reddit.com/r/loseit/comments/1mk3tg8/30_day_accountability_challenge_day_7/
Kayfie,u/kayfie,Reddit commenter - motivation post,https://www.reddit.com/user/kayfie,reddit,fitness_end_customer,premium,teacher,motivation,unknown,General fitness,None mentioned,None mentioned,high,commenter,30 Day Accountability Challenge - Day 7,5‚Äô8‚Äù F | SW: 199.5 | GW: 160 | 20lbs lost so far ü¶ã,Reddit commenter - premium lead,Location not specified,Not available,https://www.reddit.com/user/kayfie,teacher,Reddit commenter,7,https://www.reddit.com/r/loseit/comments/1mk3tg8/30_day_accountability_challenge_day_7/
No Bluebird 936,u/No-Bluebird-936,Reddit commenter - motivation post,https://www.reddit.com/user/No-Bluebird-936,reddit,fitness_end_customer,volume,teacher,motivation,unknown,General fitness,None mentioned,None mentioned,high,commenter,30 Day Accountability Challenge - Day 7,"No-Bluebird-936 28yo 5'4""/162cm SW: 160lbs/72kg CW: 139lbs/63kg GW: 110lbs/50kg",Reddit commenter - volume lead,Location not specified,Not available,https://www.reddit.com/user/No-Bluebird-936,teacher,Reddit commenter,1,https://www.reddit.com/r/loseit/comments/1mk3tg8/30_day_accountability_challenge_day_7/
Southern Print 3966,u/Southern_Print_3966,Reddit commenter - motivation post,https://www.reddit.com/user/Southern_Print_3966,reddit,fitness_end_customer,volume,teacher,motivation,unknown,General fitness,None mentioned,None mentioned,high,commenter,30 Day Accountability Challenge - Day 7,Southern_Print_3966,Reddit commenter - volume lead,Location not specified,Not available,https://www.reddit.com/user/Southern_Print_3966,teacher,Reddit commenter,1,https://www.reddit.com/r/loseit/comments/1mk3tg8/30_day_accountability_challenge_day_7/
Gnomiish,u/Gnomiish,Reddit commenter - motivation post,https://www.reddit.com/user/Gnomiish,reddit,fitness_end_customer,volume,teacher,motivation,unknown,General fitness,None mentioned,None mentioned,high,commenter,30 Day Accountability Challenge - Day 7,28 enby (they/them) | SW: 199lbs | CW: 190lbs | GW: 155lbs,Reddit commenter - volume lead,Location not specified,Not available,https://www.reddit.com/user/Gnomiish,teacher,Reddit commenter,1,https://www.reddit.com/r/loseit/comments/1mk3tg8/30_day_accountability_challenge_day_7/
Charismatictictic,u/charismatictictic,Reddit commenter - motivation post,https://www.reddit.com/user/charismatictictic,reddit,fitness_end_customer,volume,teacher,motivation,unknown,General fitness,None mentioned,None mentioned,high,commenter,30 Day Accountability Challenge - Day 7,"charismatictictic F36, 176 cm. SW: 87 kg, CW: 74 kg, GW: 67 kg",Reddit commenter - volume lead,Location not specified,Not available,https://www.reddit.com/user/charismatictictic,teacher,Reddit commenter,1,https://www.reddit.com/r/loseit/comments/1mk3tg8/30_day_accountability_challenge_day_7/
Lacy Laplante89,u/Lacy_Laplante89,Active Reddit fitness community member,https://www.reddit.com/user/Lacy_Laplante89,reddit,fitness_end_customer,premium,teacher,general,unknown,General fitness,None mentioned,None mentioned,unknown,commenter,Was just able to throw away food,Lacy_Laplante89 110lbs lost,Reddit commenter - premium lead,Location not specified,Not available,https://www.reddit.com/user/Lacy_Laplante89,teacher,Reddit commenter,6,https://www.reddit.com/r/loseit/comments/1mlvylg/was_just_able_to_throw_away_food/
Not A Bear Honestly,u/not_a_bear_honestly,Reddit post_author - progress post,https://www.reddit.com/user/not_a_bear_honestly,reddit,fitness_end_customer,premium,teacher,progress,unknown,General fitness,None mentioned,None mentioned,low,post_author,Have any teachers (or anyone!) seen positive progress with just treadmill walking as a workout?,,Reddit post_author - premium lead,Location not specified,Not available,https://www.reddit.com/user/not_a_bear_honestly,teacher,Reddit post_author,5.5,https://www.reddit.com/r/loseit/comments/1mmujl0/have_any_teachers_or_anyone_seen_positive/
Cucumberappleblizz,u/Cucumberappleblizz,Reddit commenter - progress post,https://www.reddit.com/user/Cucumberappleblizz,reddit,fitness_end_customer,premium,teacher,progress,unknown,General fitness,None mentioned,app,low,commenter,Have any teachers (or anyone!) seen positive progress with just treadmill walking as a workout?,Cucumberappleblizz,Reddit commenter - premium lead,Location not specified,Not available,https://www.reddit.com/user/Cucumberappleblizz,teacher,Reddit commenter,5.5,https://www.reddit.com/r/loseit/comments/1mmujl0/have_any_teachers_or_anyone_seen_positive/
Bravoalphagolf,u/bravoalphagolf,Reddit commenter - progress post,https://www.reddit.com/user/bravoalphagolf,reddit,fitness_end_customer,premium,teacher,progress,unknown,General fitness,None mentioned,None mentioned,low,commenter,Have any teachers (or anyone!) seen positive progress with just treadmill walking as a workout?,"F/5'3""/30 SW: 151.8 CW: 131.5 GW: 132 (maintaining)",Reddit commenter - premium lead,Location not specified,Not available,https://www.reddit.com/user/bravoalphagolf,teacher,Reddit commenter,4.5,https://www.reddit.com/r/loseit/comments/1mmujl0/have_any_teachers_or_anyone_seen_positive/
Apprehensive Crow329,u/Apprehensive_Crow329,Reddit commenter - progress post,https://www.reddit.com/user/Apprehensive_Crow329,reddit,fitness_end_customer,premium,teacher,progress,unknown,General fitness,None mentioned,app,low,commenter,Have any teachers (or anyone!) seen positive progress with just treadmill walking as a workout?,Apprehensive_Crow329,Reddit commenter - premium lead,Location not specified,Not available,https://www.reddit.com/user/Apprehensive_Crow329,teacher,Reddit commenter,5.5,https://www.reddit.com/r/loseit/comments/1mmujl0/have_any_teachers_or_anyone_seen_positive/
Redditor2684,u/Redditor2684,Reddit commenter - progress post,https://www.reddit.com/user/Redditor2684,reddit,fitness_end_customer,premium,teacher,progress,unknown,General fitness,None mentioned,None mentioned,low,commenter,Have any teachers (or anyone!) seen positive progress with just treadmill walking as a workout?,"Redditor2684 41F| 5'10""| HW 357 lbs| CW 170s",Reddit commenter - premium lead,Location not specified,Not available,https://www.reddit.com/user/Redditor2684,teacher,Reddit commenter,5.5,https://www.reddit.com/r/loseit/comments/1mmujl0/have_any_teachers_or_anyone_seen_positive/
Financial Advance291,u/Financial_Advance291,Reddit commenter - progress post,https://www.reddit.com/user/Financial_Advance291,reddit,fitness_end_customer,premium,teacher,progress,unknown,General fitness,None mentioned,None mentioned,low,commenter,Have any teachers (or anyone!) seen positive progress with just treadmill walking as a workout?,Financial_Advance291,Reddit commenter - premium lead,Location not specified,Not available,https://www.reddit.com/user/Financial_Advance291,teacher,Reddit commenter,4.5,https://www.reddit.com/r/loseit/comments/1mmujl0/have_any_teachers_or_anyone_seen_positive/
Environmentalpop1371,u/EnvironmentalPop1371,Reddit commenter - progress post,https://www.reddit.com/user/EnvironmentalPop1371,reddit,fitness_end_customer,premium,teacher,progress,unknown,General fitness,None mentioned,None mentioned,low,commenter,Have any teachers (or anyone!) seen positive progress with just treadmill walking as a workout?,EnvironmentalPop1371 35f | 5‚Äô6‚Äù | SW: 249 | CW: 145 | GW: 135,Reddit commenter - premium lead,Location not specified,Not available,https://www.reddit.com/user/EnvironmentalPop1371,teacher,Reddit commenter,4.5,https://www.reddit.com/r/loseit/comments/1mmujl0/have_any_teachers_or_anyone_seen_positive/
Senior Coconut 106,u/Senior-Coconut-106,Reddit commenter - progress post,https://www.reddit.com/user/Senior-Coconut-106,reddit,fitness_end_customer,premium,teacher,progress,unknown,General fitness,None mentioned,None mentioned,low,commenter,Have any teachers (or anyone!) seen positive progress with just treadmill walking as a workout?,Senior-Coconut-106,Reddit commenter - premium lead,Location not specified,Not available,https://www.reddit.com/user/Senior-Coconut-106,teacher,Reddit commenter,4.5,https://www.reddit.com/r/loseit/comments/1mmujl0/have_any_teachers_or_anyone_seen_positive/
Mitchyredditstuff,u/mitchyredditstuff,Reddit commenter - progress post,https://www.reddit.com/user/mitchyredditstuff,reddit,fitness_end_customer,premium,teacher,progress,unknown,General fitness,None mentioned,None mentioned,low,commenter,Have any teachers (or anyone!) seen positive progress with just treadmill walking as a workout?,"mitchyredditstuff 25M 165cm SW:90 CW:77,5 GW:65 GW2:52",Reddit commenter - premium lead,Location not specified,Not available,https://www.reddit.com/user/mitchyredditstuff,teacher,Reddit commenter,5.5,https://www.reddit.com/r/loseit/comments/1mmujl0/have_any_teachers_or_anyone_seen_positive/
Upbeat Silver 592,u/Upbeat-Silver-592,Reddit commenter - progress post,https://www.reddit.com/user/Upbeat-Silver-592,reddit,fitness_end_customer,premium,teacher,progress,unknown,General fitness,None mentioned,None mentioned,low,commenter,Have any teachers (or anyone!) seen positive progress with just treadmill walking as a workout?,Upbeat-Silver-592,Reddit commenter - premium lead,Location not specified,Not available,https://www.reddit.com/user/Upbeat-Silver-592,teacher,Reddit commenter,4.5,https://www.reddit.com/r/loseit/comments/1mmujl0/have_any_teachers_or_anyone_seen_positive/
Madpiratebippy,u/madpiratebippy,Reddit commenter - progress post,https://www.reddit.com/user/madpiratebippy,reddit,fitness_end_customer,premium,teacher,progress,unknown,General fitness,None mentioned,None mentioned,low,commenter,Have any teachers (or anyone!) seen positive progress with just treadmill walking as a workout?,madpiratebippy 105lbs lost,Reddit commenter - premium lead,Location not specified,Not available,https://www.reddit.com/user/madpiratebippy,teacher,Reddit commenter,10.5,https://www.reddit.com/r/loseit/comments/1mmujl0/have_any_teachers_or_anyone_seen_positive/
Nikibubbles,u/NikiBubbles,Reddit commenter - beginner post,https://www.reddit.com/user/NikiBubbles,reddit,fitness_end_customer,premium,teacher,beginner,unknown,General fitness,None mentioned,None mentioned,unknown,commenter,Please motivate me not to stuff my face with junk because of emotional eating,"NikiBubbles 35F 5'2 / starting over -- 13kg lost, 130+ days binge-free",Reddit commenter - premium lead,Location not specified,Not available,https://www.reddit.com/user/NikiBubbles,teacher,Reddit commenter,8,https://www.reddit.com/r/loseit/comments/1ms22b4/please_motivate_me_not_to_stuff_my_face_with_junk/
Catcafffffe,u/CatCafffffe,Active Reddit fitness community member,https://www.reddit.com/user/CatCafffffe,reddit,fitness_end_customer,premium,teacher,general,unknown,General fitness,None mentioned,None mentioned,unknown,commenter,Please motivate me not to stuff my face with junk because of emotional eating,CatCafffffe 33 lbs lost,Reddit commenter - premium lead,Location not specified,Not available,https://www.reddit.com/user/CatCafffffe,teacher,Reddit commenter,6,https://www.reddit.com/r/loseit/comments/1ms22b4/please_motivate_me_not_to_stuff_my_face_with_junk/
Stuckandrunningfrom2,u/stuckandrunningfrom2,"Reddit commenter - struggle post, Stage: plateau",https://www.reddit.com/user/stuckandrunningfrom2,reddit,fitness_end_customer,premium,teacher,struggle,plateau,General fitness,stuck,None mentioned,unknown,commenter,Please motivate me not to stuff my face with junk because of emotional eating,"stuckandrunningfrom2 5'9"" SW: 203, CW: 194.6, GW: 165",Reddit commenter - premium lead,Location not specified,Not available,https://www.reddit.com/user/stuckandrunningfrom2,teacher,Reddit commenter,6,https://www.reddit.com/r/loseit/comments/1ms22b4/please_motivate_me_not_to_stuff_my_face_with_junk/
